<?xml version="1.0" encoding="UTF-8"?>
<config date="1497955504772" transient="false">
	<site updateable="true" url="platform:/base/" enabled="true" policy="USER-EXCLUDE">
		<feature id="org.genivi.commonapi.console.feature" version="3.1.12.v201706201038" url="features/org.genivi.commonapi.console.feature_3.1.12.v201706201038/">
		</feature>
		<feature id="org.genivi.commonapi.dbus.cli.feature" version="3.1.12.v201706201043" url="features/org.genivi.commonapi.dbus.cli.feature_3.1.12.v201706201043/">
		</feature>
		<feature id="org.genivi.commonapi.console.franca.feature" version="3.1.12.v201706201038" url="features/org.genivi.commonapi.console.franca.feature_3.1.12.v201706201038/">
		</feature>
	</site>
</config>
