<?xml version="1.0" encoding="UTF-8"?>
<config date="1496074890324" transient="false">
	<site updateable="true" url="platform:/base/" enabled="true" policy="USER-EXCLUDE">
		<feature id="org.genivi.commonapi.console.feature" version="3.1.12.v201705291619" url="features/org.genivi.commonapi.console.feature_3.1.12.v201705291619/">
		</feature>
		<feature id="org.genivi.commonapi.console.franca.feature" version="3.1.12.v201705291619" url="features/org.genivi.commonapi.console.franca.feature_3.1.12.v201705291619/">
		</feature>
		<feature id="org.genivi.commonapi.core.cli.feature" version="3.1.12.v201705291619" url="features/org.genivi.commonapi.core.cli.feature_3.1.12.v201705291619/">
		</feature>
	</site>
</config>
